[
  {
    "id": "8ae20c9d-3f06-4af1-8a02-e50a9440c788",
    "data": [
      {
        "text": "I will purchase this ",
        "userDefined": false
      },
      {
        "text": "dress",
        "meta": "@custom-category",
        "alias": "custom-category",
        "userDefined": false
      }
    ],
    "isTemplate": false,
    "count": 0,
    "lang": "en",
    "updated": 0
  },
  {
    "id": "ccc12dd2-a69e-484a-b1ba-b2d218c0aa28",
    "data": [
      {
        "text": "I want to buy this ",
        "userDefined": false
      },
      {
        "text": "dress",
        "meta": "@custom-category",
        "alias": "custom-category",
        "userDefined": false
      }
    ],
    "isTemplate": false,
    "count": 0,
    "lang": "en",
    "updated": 0
  }
]