[
  {
    "id": "5f3c6131-3e75-4f5c-9793-ca9a8ec8670f",
    "data": [
      {
        "text": "How much money do I have for ",
        "userDefined": false
      },
      {
        "text": "games",
        "meta": "@custom-category",
        "alias": "custom-category",
        "userDefined": false
      },
      {
        "text": "?",
        "userDefined": false
      }
    ],
    "isTemplate": false,
    "count": 0,
    "lang": "en",
    "updated": 0
  },
  {
    "id": "e4686bf1-4f8f-4a47-b57b-2409f1858da1",
    "data": [
      {
        "text": "How much can I spend in ",
        "userDefined": false
      },
      {
        "text": "games",
        "meta": "@custom-category",
        "alias": "custom-category",
        "userDefined": false
      },
      {
        "text": "?",
        "userDefined": false
      }
    ],
    "isTemplate": false,
    "count": 0,
    "lang": "en",
    "updated": 0
  },
  {
    "id": "7fb3fb30-217d-4da9-9e12-bb5c8c465089",
    "data": [
      {
        "text": "Should I buy this ",
        "userDefined": false
      },
      {
        "text": "dress",
        "meta": "@custom-category",
        "alias": "custom-category",
        "userDefined": false
      },
      {
        "text": " for ",
        "userDefined": false
      },
      {
        "text": "£25",
        "meta": "@sys.unit-currency",
        "alias": "unit-currency",
        "userDefined": false
      },
      {
        "text": "?",
        "userDefined": false
      }
    ],
    "isTemplate": false,
    "count": 0,
    "lang": "en",
    "updated": 0
  },
  {
    "id": "69c48c3a-981c-4306-be38-d1fb0c002fce",
    "data": [
      {
        "text": "Should i buy this ",
        "userDefined": false
      },
      {
        "text": "book",
        "meta": "@custom-category",
        "alias": "custom-category",
        "userDefined": false
      },
      {
        "text": " for ",
        "userDefined": false
      },
      {
        "text": "$10",
        "meta": "@sys.unit-currency",
        "alias": "unit-currency",
        "userDefined": false
      },
      {
        "text": "?",
        "userDefined": false
      }
    ],
    "isTemplate": false,
    "count": 0,
    "lang": "en",
    "updated": 0
  },
  {
    "id": "a29d1c22-90d4-410d-8338-6b5222aa7b32",
    "data": [
      {
        "text": "How much did I spend in ",
        "userDefined": false
      },
      {
        "text": "clothes",
        "meta": "@custom-category",
        "alias": "custom-category",
        "userDefined": true
      },
      {
        "text": " this month?",
        "userDefined": false
      }
    ],
    "isTemplate": false,
    "count": 0,
    "lang": "en",
    "updated": 0
  }
]