[
  {
    "id": "b81f90d8-4bd3-4d5b-9a22-9e49bf67510a",
    "data": [
      {
        "text": "How much money do I have left?",
        "userDefined": false
      }
    ],
    "isTemplate": false,
    "count": 0,
    "lang": "en",
    "updated": 0
  },
  {
    "id": "ce13084e-cbc4-425c-8801-1f19c978aba8",
    "data": [
      {
        "text": "How is my budget ",
        "userDefined": false
      },
      {
        "text": "this month",
        "meta": "@sys.date-period",
        "alias": "date-period",
        "userDefined": false
      },
      {
        "text": "?",
        "userDefined": false
      }
    ],
    "isTemplate": false,
    "count": 0,
    "lang": "en",
    "updated": 0
  }
]