[
  {
    "value": "clothes",
    "synonyms": [
      "fashion",
      "clothes",
      "hat",
      "jacket",
      "dress",
      "shoes"
    ]
  },
  {
    "value": "games",
    "synonyms": [
      "entertainment",
      "games",
      "concert",
      "cinema",
      "movie"
    ]
  },
  {
    "value": "school",
    "synonyms": [
      "school",
      "books",
      "notebooks",
      "school supplies"
    ]
  },
  {
    "value": "donation",
    "synonyms": [
      "donation",
      "gift"
    ]
  }
]